Запрос,Ранг,Название документа,Описание,Релевантность (1-3),Релевантность (0/1)
Илон Маск состояние,1,"Илон Маск стал первым, кто достиг состояния в $500 млрд | RB.RU","Илон Маск стал первым человеком в мире, чьё состояние превысило $500 млрд, сообщил Forbes накануне ночью. Всего за день его состояние выросло на $9,3 млрд — благодаря росту акций Tesla и успешной переоценке компаний SpaceX и xAI. Если темпы роста сохранятся, уже через несколько лет Маск станет первым долларовым триллионером.",3,1
Илон Маск состояние,2,Bloomberg провозгласил Илона Маска первым человеком в мире с состоянием более $400 млрд | RB.RU,"Илон Маск первым в мире заработал состояние свыше $400 млрд, сообщил Bloomberg, формирующий собственный индекс миллиардеров. Состояние бизнесмена выросло с $300 млрд почти за месяц.",3,1
Илон Маск состояние,3,Как Илон Маск собирается колонизировать Марс,Как Илон Маск и его компания SpaceX готовятся к созданию марсианской цивилизации. От строительства колонии до инновационных технологий — все подробности о грандиозных планах по колонизации Марса.,1,0
Илон Маск состояние,4,Илон Маск отзывает иск к Unilever | RB.RU,"Соцсеть Илона Маска Х отзывает иск против Unilever (Lipton, Calvé, Knorr, Dove,  Rexona и др.), который подала из-за отказа корпорации в числе прочих брендов размещать рекламу на платформе. В аккаунте соцсети появилось сообщение: «X рада достичь соглашения с Unilever и продолжить наше партнерство с ними на платформе».",1,0
Илон Маск состояние,5,Илон Маск больше не самый богатый человек в мире  | RB.RU,"Ларри Эллисон впервые возглавил список богатейших людей планеты по версии Bloomberg Billionaires Index, сместив Илона Маска с первой строчки. Состояние сооснователя Oracle выросло за сутки на $101 млрд — это крупнейший однодневный прирост капитала за всю историю индекса. Общая сумма его богатства теперь оценивается в $393 млрд.",2,1
Илон Маск состояние,6,Илон Маск представил прототипы роботакси Tesla | RB.RU,Илон Маск представил прототипы беспилотного роботакси Tesla Cybercab и робофургона Robovan. Миллиардер провел презентацию на студии Warner Bros. Discovery в Лос-Анджелесе. Трансляция велась на странице компании в соцсети X.,1,0
Илон Маск состояние,7,Илон Маск станет судиться с Apple из-за Grok | RB.RU,"Илон Маск снова вступил в открытую конфронтацию с Apple. На этот раз поводом стали позиции его чат-бота Grok в рейтинге App Store. Сейчас он держится на пятом месте, тогда как ChatGPT стабильно лидирует. Маск уверен: компания Apple сознательно помогает OpenAI.",1,0
Илон Маск состояние,8,Трамп впервые ограничил полномочия DOGE Илона Маска,"Дональд Трамп решил, что департамент DOGE Илона Маска будет лишь консультировать, а кадровые решения останутся за министрами. Это первый шаг по ограничению полномочий Маска. Подробности на Русбейс.",1,0
Илон Маск состояние,9,«Угроза бюрократии»: Трамп выбрал должность для Илона Маска,Предприниматели Илон Маск и Вивек Рамасвами возглавят Департамент государственной эффективности.,1,0
Илон Маск состояние,10,Илон Маск обогнал сам себя по количеству упоминаний в СМИ | RB.RU,"В 2024 году Илон Маск занял лидирующие позиции в заголовках СМИ:  трафик статей о Маске почти в 3 раза превышает совокупный трафик материалов о других девяти самых популярных CEO в области прогрессивных технологий — Джеффа Безоса, Марка Цукерберга, Сэма Альтмана и др.",1,0
Илон Маск состояние,11,SpaceX Илона Маска оценили в $350 млрд | RB.RU,"SpaceX и ее инвесторы договорились выкупить акции космической компании на сумму до $1,25 млрд, в рамках сделки оценка производителя ракет и спутников составит $350 млрд. Об этом говорится во внутреннем письме, с которым ознакомился Bloomberg. Данные подтвердили осведомленные источники агентства.",2,1
Илон Маск состояние,12,В Голливуде снимут биографический фильм об Илоне Маске | RB.RU,"В Голливуде снимут биографический фильм об основателе SpaceX и самом состоятельном человеке планеты Илоне Маске. Режиссером байопика выступит номинант на премию «Оскар» Даррен Аронофски, известный прежде всего работой над фильмами «Черный лебедь», «Реквием по мечте» и «Рестлер».",1,0
Илон Маск состояние,13,Илон Маск откроет университет и школу в Техасе | RB.RU,"Илон Маск планирует открыть университет и школу в Техасе. На эти цели миллиардер уже пожертвовал $100 млн в свой благотворительный фонд The Foundation. На первом этапе обучение будет бесплатным – как в школе, так и в университете.",1,0
Илон Маск состояние,14,Кто Илон Маск по знаку зодиака? Гороскоп 12 предпринимателей,"Рассказываем, кто по гороскопу Илон Маск, Уоррен Баффет и другие известные миллиардеры и какие черты привели их к успеху.",1,0
Илон Маск состояние,15,Bloomberg узнал о доле Сулеймана Керимова в SpaceX Илона Маска,"Сулейман Керимов владел около 1% SpaceX через трастовый фонд, несмотря на санкции США. Доля была продана в 2022 году после блокировки фонда.",1,0
Илон Маск состояние,16,Илон Маск объявил о планах создать игровую студию | RB.RU,"Основатель SpaceX Илон Маск сообщил о планах его компании в области искусственного интеллекта xAI создать собственную студию, которая будет разрабатывать видеоигры. Об этом миллиардер написал в своем аккаунте в соцсети X.",1,0
Илон Маск состояние,17,Европейские компании готовят конкурента Starlink Илона Маска | RB.RU,"Европейские компании Airbus, Thales и Leonardo договорились объединить спутниковые подразделения и создать новый холдинг с годовой выручкой €6,5 млрд. Совместная компания займётся разработкой и производством спутников связи и наблюдения, чтобы стать полноправным конкурентом Starlink Илона Маска. Объединение начнёт работу в 2027 году и станет одним из крупнейших производителей космических систем в мире.",1,0
Илон Маск состояние,18,Илон Маск предложил купить OpenAI за почти $100 млрд,"Илон Маск и консорциум инвесторов предложили купить OpenAI за $97,4 млрд, но получили отказ. Узнайте подробности предложения и реакцию Сэма Альтмана на RB.RU.",2,1
Илон Маск состояние,19,xAI Илона Маска потеряла сооснователя Игоря Бабушкина | RB.RU,"Сооснователь xAI Игорь Бабушкин, выросший в семье эмигрантов из России, покинул компанию и объявил о запуске Babuschkin Ventures — фонда, который будет инвестировать в исследования безопасности ИИ и такие же безопасные стартапы. Его увольнение совпало с уходом ещё двух ключевых фигур из xAI и растущей конкуренцией за таланты на ИИ-рынке.",1,0
Илон Маск состояние,20,Илон Маск анонсировал запуск почтового сервиса от X | RB.RU,"На фоне распространения слухов в X о закрытии Gmail Илон Маск намекнул, что его соцсеть в скором времени запустится собственный почтовый сервис. Его черновое название — XMail.",1,0
Яндекс выручка 2024,1,Чистая прибыль «Яндекса» упала на 33% в третьем квартале | RB.RU,"Скорректированная чистая прибыль «Яндекса» в третьем квартале 2023 года упала по сравнению с показателем за аналогичный период 2022 года на 33%, до 3,4 млрд рублей, следует из квартального отчета компании.",2,1
Яндекс выручка 2024,2,На 78% выросла прибыль Яндекса в III квартале 2025-го | RB.RU,"Яндекс опубликовал финансовый отчет за 3 квартал 2025 года: выручка компании за девять месяцев впервые превысила 1 трлн рублей, увеличившись на 33% по сравнению с прошлым годом. В третьем квартале компания заработала 366,1 млрд рублей, а скорректированная прибыль выросла на 43%, до 78,1 млрд рублей. Главные драйверы роста — развитие технологий на базе искусственного интеллекта, экспансия B2B-направлений и стремительное усиление персональных сервисов, включая финтех и подписку Яндекс Плюс.",2,1
Яндекс выручка 2024,3,"Выручка «Яндекса» в третьем квартале выросла на 36%, почти до 277 млрд рублей | RB.RU","Выручка МКПАО «Яндекса» в третьем квартале 2024 года выросла на 36% год к году, до 276,8 млрд рублей. Скорректированная чистая прибыль — на 118%, до 25,1 млрд рублей, следует из отчета компании.",3,1
Яндекс выручка 2024,4,"«Яндекс» в 1 квартале нарастил чистую прибыль на 47%, выручку — на 40% | RB.RU","МКПАО «Яндекс», будущая холдинговая компания российских активов интернет-компании, объявила неаудированные финансовые результаты за первый квартал 2024 года: выручка компании выросла по сравнению с аналогичным периодом 2023 года на 40% — до 228,3 млрд рублей, чистая прибыль — на 47%, до 19,4 млрд рублей.",3,1
Яндекс выручка 2024,5,Выручка «Яндекса» по итогам 2023 года выросла на 53% и составила 800 млрд рублей | RB.RU,"«Яндекс» по итогам 2023 года получил выручку в размере 800 млрд рублей, это на 53% больше, чем за 2022 год, следует из отчета компании. Чистая прибыль при этом сократилась до 21,7 млрд рублей, на 54% год к году.",1,0
Яндекс выручка 2024,6,Налог на прибыль организаций,"Как рассчитать налог на прибыль компаний, какой бизнес обязан платить налог на прибыль и какие организации могут быть освобождены от этого обязательства, а также, какие ставки налога существуют — читайте в статье на RB.RU.",1,0
Яндекс выручка 2024,7,Что такое операционная прибыль компании,"Что такое операционная прибыль, как она рассчитывается, зачем нужна и какие показатели помогают ее анализировать? Этапы формирования операционной прибыли компании.",1,0
Яндекс выручка 2024,8,"Выручка компании падает, что делать?","Почему падает выручка компании, факторы снижения выручки, основные причины падения и как исправить положение — читайте в статье на RB.ru.",1,0
Яндекс выручка 2024,9,Процентный доход и как его определить,"Что такое процентных доход и каков его вклад в общий доход,  где он встречается, а также, как рассчитать процентный доход — читайте в статье на RB.RU.",1,0
Яндекс выручка 2024,10,"Квартальная прибыль Samsung выросла в 15,5 раз | RB.RU","Квартальная прибыль Samsung выросла в 15 раз и составила $7,55 млрд. Полученный доход одной из крупнейших в мире компаний оказался почти на 10% выше ожидаемого аналитиками. Таких показателей Samsung удалось достичь благодаря высокому спросу на чипы памяти.",1,0
Яндекс выручка 2024,11,Назван средний доход российских фрилансеров | RB.RU,"Средний доход фрилансеров в России составляет 41,9 тыс. рублей. В Москве и Подмосковье он немного выше — 57,6 тыс. рублей, а в Петербурге и Ленобласти ниже — 38,1 тыс. рублей. Об этом пишет ТАСС со ссылкой на «СберНПФ» и «Работа.ру».",1,0
Яндекс выручка 2024,12,EPS: что такое прибыль на одну акцию,"Узнайте, что такое прибыль на одну акцию (EPS), какие различия между обыкновенной и привилегированной акциями, а также, как рассчитывать чистую прибыль — читайте в статье на RB.RU.",1,0
Яндекс выручка 2024,13,Оборот салонов красоты в России увеличился на 16% | RB.RU,"В январе 2025 года медианный оборот салонов красоты в России составил 214 тыс. рублей, что на 16,02% выше, чем в январе 2024 года, сообщили Русбейс аналитики банка «Точка» и «Яндекс Карт». С учетом инфляции реальный рост доходов составил 5,93%, добавили специалисты.",1,0
Яндекс выручка 2024,14,«Вкусвилл» нарастил оборот на 33% в 2024 году | RB.RU,"Оборот ритейлера «Вусвилл» вырос по итогам первого полугодия на 33% и достиг 183 млрд рублей, следует из отчета компании. Сеть увеличила темпы роста на 13%.",1,0
Яндекс выручка 2024,15,Минэк предложил три варианта вычета из налога на прибыль | RB.RU,Минэк решил пересмотреть концепцию федерального инвестиционного налогового вычета (ФИНВ) — этот механизм позволяет сбалансировать рост налога на прибыль для бизнеса с 20 до 25%.,1,0
Яндекс выручка 2024,16,"Россияне рассказали, какой доход считают признаком богатства | RB.RU","Россияне назвали порогом бедности доход в 43 тыс. рублей, а признаком богатства — доход в 860 тыс. рублей, следует из результатов опроса Superjob, с которыми ознакомился RB.RU.",1,0
Яндекс выручка 2024,17,"Выручка российских edtech-компаний увеличилась на 15,8% | RB.RU","Агентство Smart Ranking опубликовало обновленный рейтинг крупнейших компаний в сфере образовательных технологий (edtech) России за первый квартал 2025 года. Общая выручка топ-100 edtech-компаний достигла 37,6 млрд рублей, что на 15,8% больше по сравнению с аналогичным периодом прошлого года, сообщили Русбейс в пресс-службе агентства.",1,0
Яндекс выручка 2024,18,Что такое дюрация? Как инвестору посчитать прибыль с актива,"Что такое дюрация и для чего она нужна? Как узнать дюрацию, формулы расчета и свойства.",1,0
Яндекс выручка 2024,19,От Uber до Airbnb: эти компании были дизрапторами — теперь они нацелены на прибыль,"С появлением Uber позволить себе поездку на такси смог каждый. Airbnb сделал путешествия экономнее и удобнее. Эти и другие компании предложили нам «дешевую роскошь», но удалось ли им изменить рынок?",1,0
Яндекс выручка 2024,20,"Нераспределенная прибыль в балансе: что это, из чего складывается, как распределять","Что такое нераспределенная прибыль в балансе, как ее посчитать, ее формула и как отображается? Что делать с нераспределенной прибылью?",1,0
бизнес-ангелы,1,Венчурный инвестор Антон Старский вышел из капитала автоклуба «Ангел» | RB.RU,"Венчурный инвестор Антон Старский вышел из капитала автоклуба «Ангел», свидетельствуют данные Единого государственного реестра юридических лиц (ЕГРЮЛ). Он подтвердил это RB.RU.",1,0
бизнес-ангелы,2,Головная компания «Тинькофф» зарегистрировала негосударственный пенсионный фонд | RB.RU,"Головная компания банка «Тинькофф» и компании «Тинькофф страхование» — «ТКС Холдинг» — зарегистрировала негосударственный пенсионный фонд, свидетельствуют данные ЕГРЮЛ.",1,0
бизнес-ангелы,3,Как создать резервный фонд для бизнеса,"Что такое резервный фонд для бизнеса, из чего он формируется, как определить размеры резервного фонда, а также порядок формирования — читайте в статье на RB.ru.",1,0
бизнес-ангелы,4,Кто такой венчурный инвестор и как им стать? | RB.RU,"Сегодня инвестирование стало как никогда доступным. Можно покупать ценные бумаги крупных компаний, а можно вкладываться в молодые проекты и стартапы. Венчурный инвестор — одна из самых рисковых и прибыльных ролей в этой сфере. Кирилл Фомичев, инвестор, сооснователь международного венчурного клуба Prosto VC, рассказывает о специфике этой роли.",2,1
бизнес-ангелы,5,Фонд Алексея Менна Begin Capital инвестировал в германский DeepTech-стартап SimplyBlock | RB.RU,"Германский DeepTech-стартап SimplyBlock привлек €2,5 млн ($2,75 млн) в посевном раунде от 42CAP, Antler и Begin Capital Алексея Менна, говорится в сообщении Antler. За два года существования компания получила $3,3 млн.",1,0
бизнес-ангелы,6,Фонд «Авенир» и бизнес-ангел Сергей Лудин вложились в сервис доставки готовой еды Justfood | RB.RU,"Инвестхолдинг «Авенир», бизнес-ангел Сергей Лудин и предприниматель Александр Глебов вложились в сервис доставки готовой еды Justfood. Они получили 9,36%, 3,11% и 3,24% соответственно, следует из данных ЕГРЮЛ. В компании на запрос RB.RU не ответили.",3,1
бизнес-ангелы,7,Что включает в себя фонд оплаты труда и как рассчитывается,"Что такое фонд оплаты труда (ФОТ), что в него входит и как он рассчитывается - читайте в статье на RB.ru.",1,0
бизнес-ангелы,8,Что такое эндаумент-фонд и как работает,"Узнайте, что такое эндаумент-фонд, как он функционирует и какие цели преследует. Объяснение, цели, организация и развитие эндаументов — читайте в статье на RB.RU.",1,0
бизнес-ангелы,9,Фонд Дмитрия Гришина и другие инвестировали $1 млн в игровой стартап Playbite | RB.RU,"Фонд Дмитрия Гришина Grishin Robotics, Capitalize VC, M25 и другие инвестировали $1 млн в платформу для мобильных мини-игр Playbite. Стороны закрыли seed-раунд 31 октября 2023 года. Это следует из данных Crunchbase, на которые обратил внимание корреспондент RB.RU.",1,0
бизнес-ангелы,10,"Бизнес-ангелы: кто это, их функции и как их найти","Кто такие бизнес-ангелы? Чем они занимаются, как привлечь инвестиции бизнес-ангела и где их искать? Оформляем отношения и разбираем плюсы и минусы.",3,1
бизнес-ангелы,11,Фонд «Сколково» решил обанкротить стартап «М-Пауэр Ворлд» с грантом в 420 млн рублей | RB.RU,"Фонд «Сколково» подал иск в Арбитражный суд Москвы о банкротстве одного из своих первых стартапов ООО «М-Пауэр Ворлд» из-за долга в 22 млн рублей, узнал RB.RU. Первое заседание по делу назначено на 29 августа. Компания успела получить от Фонда 267 млн рублей из гранта почти на полмиллиарда рублей.",1,0
бизнес-ангелы,12,«Тинькофф» может открыть свой пенсионный фонд | RB.RU,"«Тинькофф» может открыть пенсионный сберегательный фонд. Банк уже зарегистрировал четыре домена с упоминанием сочетания «НПФ» — tinkoff-npf.ru, npf-tinkoff.ru, tinkoffnpf.ru и npftinkoff.ru, пишут «Ведомости».",1,0
бизнес-ангелы,13,Что такое негосударственный пенсионный фонд (НПФ) и для чего он нужен,"Что такое негосударственный пенсионный фонд, как его выбрать и в чем их преимущество? В чем разница ПФР и НПФ, как выбрать НПФ и как сменить?",1,0
бизнес-ангелы,14,Запущен инвестиционный фонд для IT-компаний малого и среднего бизнеса | RB.RU,"Компания «Тим Форс», работающая в сегменте смартстаффинга (технология, которая позволяет организациям предоставлять и привлекать временно доступный персонал), вместе с партнерами создала фонд «Тим Форс Альянс» для IT-компаний малого и среднего бизнеса. Об этом RB.RU сообщил представитель «Тим Форс».",1,0
бизнес-ангелы,15,Инвестор Балтер получила 11% в EdTech-стартапе Care my baby | RB.RU,"Инвестор Екатерина Балтер получила 11% в ООО «Забота», российском юрлице EdTech-стартапа Care my baby, свидетельствуют данные ЕГРЮЛ. Эксперт оценил онлайн-сервис дополнительного образования для детей в 100 млн рублей.",1,0
бизнес-ангелы,16,"Пенсионный фонд «Тинькофф», Almaz Capital снова вложился в стартап выходца из России Zededa: главное 9 февраля | RB.RU","«Тинькофф» может открыть пенсионный сберегательный фонд, Almaz Capital Александра Галицкого снова вложился в стартап выходца из России Zededa, финтех-компания Pennylane в ходе раунда С привлекла €40 млн от DST Global и Sequoia Capital и другие события 9 февраля.",1,0
бизнес-ангелы,17,"Из стартапа FitStars, в который инвестировала модель Елена Перминова, вышел бизнес-ангел | RB.RU","Бизнес-ангел Всеволод Баев вышел из состава совладельцев сервиса домашних фитнес-тренировок FitStars (юрлицо ООО «Парсек»). Инвестор передал долю в 2,12% основателю сервиса. За четыре года доля могла подорожать в 1,7 раза, считают эксперты.",3,1
бизнес-ангелы,18,Фонд «ТилТех Капитал» консолидировал ритейлера Noun | RB.RU,Венчурный фонд Андрея Кривенко «ТилТех Капитал» приобрел 100% сети магазинов женской одежды Noun у основателя Семена Пименова.,1,0
бизнес-ангелы,19,Хроника венчурной сделки: на что обращает внимание инвестор? | RB.RU,"Анатолий Горелов, директор «СПИн», поделился историей одной венчурной сделки. В ней он раскрыл свой взгляд на процесс — и рассказал, что именно было важно в стартапе для него как инвестора.",2,1
бизнес-ангелы,20,Бизнес-ангелы с российскими корнями инвестировали в стартап Essence | RB.RU,"Французский стартап, разработчик приложения для мониторинга женского здоровья, Essence привлек финансирование в размере $ 600 тыс. на развитие бизнеса от Berkeley SkyDeck, Davidovs VC, Growing Well Partners и нескольких бизнес-ангелов, в том числе с российскими корнями.",3,1
богатейшие предприниматели России,1,Самый богатый бизнесмен Европы подал в суд на X Илона Маска | RB.RU,"Несколько ведущих СМИ Франции, включая две газеты, принадлежащие богатейшему бизнесмену Европы Бернару Арно, подали в суд на соцсеть X Илона Маска. Об этом сообщает The Telegraph.",1,0
богатейшие предприниматели России,2,Рейтинг Forbes: Татьяна Ким  — самая богатая женщина России | RB.RU,"В 2025 году в рейтинге Forbes Woman оказалось рекордное число женщин-миллиардеров — сразу девять. На первых десяти строчках списка совокупное состояние участниц превышает $19 млрд. И главное — изменилась сама модель капитала: теперь это не только наследство и офшоры, но и создание брендов с нуля, и инвестиции.",3,1
богатейшие предприниматели России,3,Бакальчук в третий раз возглавила рейтинг 20 богатейших женщин России | RB.RU,Основатель и генеральный директор Wildberries Татьяна Бакальчук уже три года подряд возглавляет рейтинг 20 богатейших женщин России по версии Forbes.,3,1
богатейшие предприниматели России,4,"Состояние богатейших бизнесменов России выросло в 2025 году на $22,6 млрд | RB.RU","Состояние богатейших бизнесменов России с начала 2025 года выросло на $22,6 млрд, свидетельствуют данные Bloomberg Billionaires Index («Индекс миллиардеров»). Лидерами по преумножению капитала стали президент «Норникеля» Владимир Потанин и акционер «Металлоинвеста» Алишер Усманов.",3,1
богатейшие предприниматели России,5,Еще два предпринимателя отказались от гражданства России | RB.RU,"Основатели американских IT-компаний Veeam Software и Object First Андрей Баронов и Ратмир Тимашев отказались от гражданства России. Они стали восьмым и девятым бизнесменами, сдавшими свои российские паспорта с начала 2022 года, пишет Forbes.",2,1
богатейшие предприниматели России,6,Одна из богатейших женщин России Ольга Белявцева осталась партнером Лисина во «ФрутоНяне» — РБК | RB.RU,"Одна из богатейших женщин России Ольга Белявцева сохранила миноритарную долю в производителе детского питания под брендом «ФрутоНяня» — АО «Прогресс» — после приобретения мажоритарной доли структурами, близкими к основному владельцу НЛМК Владимиру Лисину. Об этом пишет РБК со ссылкой на двух источников.",3,1
богатейшие предприниматели России,7,Признаки богатства: как распознать богатого человека,"Узнайте, что такое богатство, 11 основных признаков богатого человека — читайте в статье на RB.ru.",1,0
богатейшие предприниматели России,8,ИП в России: количество предпринимателей выросло на 23% | RB.RU,"Количество индивидуальных предпринимателей в России выросло на 23% в январе–сентябре 2025 года по сравнению с тем же периодом 2024-го, сообщают аналитики сервиса Solar Staff. Среднемесячный доход ИП увеличился на 30,7%. Рост связывают с налоговой реформой 2025 года, введением прогрессивной шкалы НДФЛ и общей тенденцией к легализации доходов.",1,0
богатейшие предприниматели России,9,Маск и Джобс вдохновляют 25% предпринимателей в России | RB.RU,"Исследование ЮKassa показало, что российские предприниматели уверенно ищут точки роста даже в условиях турбулентности. Они опираются не столько на Москву и Петербург, сколько на новые технологии, успешные кейсы знаковых фигур и собственную мотивацию. Пессимизм на рынке есть, но он не мешает бизнесу масштабироваться.",1,0
богатейшие предприниматели России,10,"4 совета для предпринимателя, развивающего сеть в России | RB.RU","В разных регионах люди потребляют по-разному. Мы чаще говорим о страновых отличиях в потреблении, но даже в рамках одной страны и одного региона России привычки и модели потребления могут очень различаться.
О том, как узнать об этих особенностях и использовать их, выводя бизнес за пределы своего города, рассказывает предприниматель из Владивостока, генеральный директор сети автокафе Coffee Machine Дмитрий Лутченко.",1,0
богатейшие предприниматели России,11,Почему в России сложно стать серийным предпринимателем | RB.RU,"Запустить и вести одновременно несколько бизнесов — задача со звездочкой. Что мешает стать серийным предпринимателем в России, объяснила основатель и генеральный директор платформы Sellty, заместитель генерального директора и партнер ГК «Корус Консалтинг» Мария Бар-Бирюкова.",1,0
богатейшие предприниматели России,12,Илон Маск больше не самый богатый человек в мире  | RB.RU,"Ларри Эллисон впервые возглавил список богатейших людей планеты по версии Bloomberg Billionaires Index, сместив Илона Маска с первой строчки. Состояние сооснователя Oracle выросло за сутки на $101 млрд — это крупнейший однодневный прирост капитала за всю историю индекса. Общая сумма его богатства теперь оценивается в $393 млрд.",1,0
богатейшие предприниматели России,13,Открыть ИП в России: доля молодых предпринимателей — 23% | RB.RU,"Молодёжь всё активнее идёт в бизнес, не откладывая старт на потом. По данным СберАналитики, исследовательского центра экосистемы Сбера, сегодня почти четверть индивидуальных предпринимателей в России — молодые люди до 35 лет. В общей структуре их доля составляет 23%.",1,0
богатейшие предприниматели России,14,"Число молодых предпринимателей в России достигло 2,7 млн | RB.RU","Число молодых бизнесменов в России достигло 2,7 млн человек — это 6% от общего количества предпринимателей в стране и рекорд с 2019 года, сообщили Русбейс в пресс-службе Минэкономразвития.",1,0
богатейшие предприниматели России,15,"Исследование: большинство предпринимателей в России не знают, куда движется их бизнес | RB.RU","По результатам опроса выяснилось, что у 51% предпринимателей нет четких целей на год, квартал или месяц. 47% опрошенных заявили о том, что умеют достигать результата.",1,0
богатейшие предприниматели России,16,В России стало на 5% больше юрлиц и предпринимателей в гостиничном бизнесе | RB.RU,"Количество зарегистрированных в России юридических лиц и предпринимателей, которые оказывают гостиничные услуги, выросло за год на 5,02%. В январе 2025 года сфера насчитывала 39,5 тыс. компаний и предпринимателей, приводит «Коммерсантъ» данные «Контур.Фокуса».",1,0
богатейшие предприниматели России,17,Как предпринимателям из России попасть в Y Combinator в текущей обстановке | RB.RU,"Y Combinator — один из самых престижных акселераторов в мире, из которого вышли такие культовые бренды, как Airbnb, Reddit, Stripe и Dropbox. В него мечтают попасть многие предприниматели, однако в последние годы стартапам из России стало непросто пройти отбор.
Генеральный директор Mighty Buildings — компании из топа рейтинга Y Combinator Companies — Вячеслав Солоницын рассказывает, как русскоязычным компаниям попасть в программу в нынешней обстановке.",1,0
богатейшие предприниматели России,18,Состояние богатейших россиян достигло $305 млрд | RB.RU,"Состояние 20 богатейших российских бизнесменов с начала 2025 года выросло почти на $20 млрд и достигло $305,3 млрд, подсчитал Bloomberg. Наибольший рост показал основатель Telegram Павел Дуров, прибавивший $4,82 млрд и доведший капитал до $15,8 млрд. При этом не все оказались в плюсе: председатель совета директоров НЛМК Владимир Лисин потерял $3,17 млрд, опустившись до $22,7 млрд.",3,1
богатейшие предприниматели России,19,Топ-15 привычек самых успешных и богатых людей,"Узнайте о ключевых привычках, которые помогают успешным и богатым людям достигать своих целей. Список полезных привычек, чтобы улучшить вашу жизнь и карьеру — читайте в статье на RB.RU.",1,0
богатейшие предприниматели России,20,"Число молодых предпринимателей в России достигло 243,5 тыс. — Минэкономразвития | RB.RU","Число молодых предпринимателей в России достигло 243,5 тыс., сообщили в Минэкономразвития. С 2019 года количество предпринимателей в возрасте до 25 лет выросло с 1,5 раза. Доля таких ИП в общей численности пока невелика, но темпы прироста увеличиваются.",1,0
венчурные фонды России,1,Инвестиции в России в 2025-м: венчур вырос на 86% | RB.RU,"Рынок в России в первом полугодии 2025 года показал резкий рост в деньгах, но падение в активности. Общий объём инвестиций увеличился на 86%, тогда как количество сделок сократилось на 27%. Внимание инвесторов смещается на более зрелые, стратегически важные проекты.",3,1
венчурные фонды России,2,Фонд «Восход» на платформе «Атомайз» впервые в России запустил венчурные ЦФА | RB.RU,Венчурный фонд «Восход» на платформе «Атомайз» открыл книгу заявок для выпуска первых в России венчурных цифровых финансовых активов (ЦФА). Планируется выпустить токены на 260 млн рублей. Заявки принимаются до 8 июля.,3,1
венчурные фонды России,3,Венчурный фонд Malina VC инвестировал 20 млн рублей в развитие сети кофеен «Даблби» | RB.RU,"Венчурный фонд Malina VC купил акции сети кофеен «Даблби» на 20 млн рублей, рассказал RB.RU сооснователь фонда Антон Пронин. Средства направят на расширение сети кофеен по модели пассивной франшизы.",3,1
венчурные фонды России,4,Венчурный фонд Malina VC выкупил долю девелопера «Самолет» в сервисе доставки «Даркстор у дома» | RB.RU,"Сервис квартирных решений «Самолет Плюс» (мажоритарный акционер — группа «Самолет») продал всю долю в сервисе доставки «Даркстор у дома» венчурному фонду Malina VC. Присутствие фонда в капитале «Даркстора у дома» увеличилось с 5,3% до 7,4%, рассказали RB.RU участники сделки.",3,1
инвестиции в стартапы 2024,1,"8 новых стартап-хабов из Европы, которые привлекли финансирование в 2024 году","Поддержка стартапов на стадиях от pre-seed до B. Акселераторы, фонды фондов и инкубаторы. Кто инвестирует в стартапы в 2024 году — читайте в материале RB.ru.",3,1
инвестиции в стартапы 2024,2,"Где стартапу искать деньги в 2024 году: 8 мер поддержки и более 20 программ, о которых вы могли не слышать | RB.RU","Стартап нуждается в деньгах, как в воздухе. Искать и вкладывать средства в проект можно по-разному: подключить личные сбережения, взять кредит, подать заявку на грант или обратиться к акселератору.
Где стартапу искать финансирование рассказал Кир Витковский, основатель и архитектор алгоритмов онлайн-сервиса «Метранпаж». Участник RB Choice и 100 перспективных российских стартапов, привлекший в 2023 году 10 млн рублей в раунде краудинвестинга.",3,1
инвестиции в стартапы 2024,3,Как получить гражданство Турции за инвестиции в 2024 году,Гражданство Турции можно получить за покупку недвижимости от $400 тысяч. Объект можно сдавать в аренду и получать пассивный доход.,1,0
инвестиции в стартапы 2024,4,Как привлечь иностранные инвестиции в IT-стартап в турбулентное время | RB.RU,"Согласно прогнозам Международного Валютного Фонда (IMF), глобальный ВВП в 2023 году ожидается на уровне 3% — ниже, чем в предыдущие годы. Во времена, когда ведущие экономики мира замедляют свое развитие, IT-стартапы интересуют инвесторов и венчурных фондов. Вице-президент по продукту платформы для анализа данных маркетинга и продаж Improvado Роман Виноградов рассказал, как привлечь иностранные инвестиции в IT-стартап.",3,1
инвестиции в стартапы 2024,5,"Стартап хочет привлечь инвестиции — как оформить это документально, чтобы остаться в выигрыше | RB.RU","В современной российской практике используются два основных инструмента привлечения венчурных инвестиций. На этот выбор влияют цели стартапа: какую долю фаундеры хотят ему дать и насколько тщательная процедура проверки им нужна.
О шести аспектах сделочной документации и тонкостях оформления бумаг рассказали Михаил Крим, юрист Lex Borealis, и Михаил Мурадов, партнер компании. Их стартап Doczilla участвовал в акселераторах «Сбер500», «Крок» и MTS StartUp Hub.",3,1
инвестиции в стартапы 2024,6,Основательница MedTech-стартапа Checkme продала бизнес страховой компании «Капитал Life» | RB.RU,Страховая компания «Капитал Life» приобрела 100% MedTech-стартапа Checkme. Сделка состоялась 15 июля. Сумма сделки не раскрывается. Об этом RB.RU сообщили в холдинге. Для основательницы проекта Анастасии Файзуленовой это не первый экзит.,2,1
инвестиции в стартапы 2024,7,Wellbeing-стартап deep mind привлек первые инвестиции в размере $200 тысяч | RB.RU,"Проект deep mind с российскими корнями, который создает образовательные программы, решающие в компаниях проблемы стресса и выгорания сотрудников, привлек первые инвестиции в размере $200 тысяч от группы частных инвесторов.
Эксперты оценивают рынок wellbeing в России в 1 млрд рублей, называя его перспективным. Они также отмечают, что подобные программы востребованы в основном в крупных компаниях.",3,1
инвестиции в стартапы 2024,8,"Как продать свой стартап инвестору: 5 правил питча и 10 ниш, где сейчас в России деньги | RB.RU","У инвестора нет времени на сказки — только на факты. Судьбу любого питча определяют пять простых вопросов. Но даже идеальный ответ не спасёт, если стартап копает не туда. Инвестиционный директор и член совета управляющих фонда 3 STREAMS, номинант Forbes «30 до 30» Илья Курзанов даёт те самые пять вопросов — и 10 ниш, которые сегодня реально интересны для инвестиций: от агро и Арктики до демографии и кибербеза.",3,1
инвестиции в стартапы 2024,9,Как стартапу привлечь венчурные инвестиции | RB.RU,"Когда предприниматели Илья Павленков и Александр Воронцов основали стартап Jetlex, они смогли с первой попытки привлечь венчурные инвестиции, включая средства от Фонда развития интернет-инициатив. По их словам, это дало компании важный старт и стало не случайностью, а результатом тщательной подготовки. Как привлечь венчурные инвестиции, рассказал Илья Павленков, сооснователь стартапа Jetlex.",3,1
инвестиции в стартапы 2024,10,Как стартапу получить деньги: 10 вариантов финансирования,"Узнайте, как стартапу получить деньги с помощью 10 различных вариантов финансирования. Полезные советы и стратегии для привлечения инвестиций и успешного запуска проекта — читайте в статье на RB.ru.",3,1
инвестиции в стартапы 2024,11,Как скорость и венчурные деньги убивают стартапы? | RB.RU,"Альфред Лао, предприниматель и ментор, поделился своим мнением о роли скорости в развитии стартапа и дал рекомендации, что делать, чтобы попытки быть быстрее и венчурные деньги не убили проект. Материал ориентирован на фаундеров, развивающих бизнес на глобальных рынках, и основан на его наблюдениях за рынком и работе со стартапами, получившими венчурное финансирование.",2,1
инвестиции в стартапы 2024,12,К июню 2024 года инвестиции в туризм выросли на 65% — до 377 млрд рублей | RB.RU,"Инвестиции в российскую туристическую отрасль за первое полугодие 2024 года увеличились на 65% год к году, до 377 млрд рублей, сообщил представитель Минэкономразвития «Ведомостям».",1,0
инвестиции в стартапы 2024,13,Руководитель юридического департамента «Капитал Life» возглавила клинику на базе medtech-стартапа Checkme | RB.RU,"Руководитель юридического департамента страховой компании «Капитал Life» Светлана Шмигельская назначена гендиректором юрлица medtech-стартапа Checkme — ООО «Кэрифай». Изменения вступили в силу 25 июля 2024 года. Это следует из данных ЕГРЮЛ, на которые обратил внимание RB.RU.",1,0
инвестиции в стартапы 2024,14,Из «единорогов» в «зомби»: почему у стартапов заканчиваются деньги | RB.RU,"В ноябре сеть коворкингов WeWork, которая привлекла более $11 млрд, объявила о банкротстве. То же самое произошло с разработчиком ПО для грузоперевозок Convoy, чей объем финансирования составлял $900 млн.
В течение последних двух лет многие некогда многообещающие компании сокращали расходы, и сейчас у них заканчиваются деньги. Теперь инвесторы решают, кого спасти, и призывают других закрыться или продать активы.
Подробности — в пересказе материала New York Times.",2,1
инвестиции в стартапы 2024,15,Как стартапу привлечь деньги: 6 советов от инвестора | RB.RU,"Ежегодно инвесторы видят сотни стартапов. При выборе сделки они руководствуются определенными критериями, которые просты и понятны для них, но не для основателей. Партнер Prime Movers Lab Брэд Пруэнте перечислил шесть таких аспектов.",3,1
инвестиции в стартапы 2024,16,Бизнес на свои деньги: что необходимо учесть на старте? | RB.RU,"Когда и почему выгоднее делать бизнес на свои деньги, а когда имеет смысл обратиться к возможностям заемного капитала — этот вопрос волнует многих предпринимателей. За 10 с лишним лет Аркадий Хохлов, сооснователь AVO.Business, и его партнеры, Олег Герасимов и Виталий Кириллов, вывели на рынок 11 проектов в самых разных сферах — коттеджные поселки, финансовые сервисы, производство антисептиков, агрегатор лофтов в аренду и собственная IT-компания. И все бизнесы они запускали на личные деньги, не привлекая заемных средств.",1,0
инвестиции в стартапы 2024,17,IT-стартап GTLogistics закрыл раунд на 10 млн рублей | RB.RU,"Российский стартап GTLogistics, который автоматизирует складскую и транспортную логистику, привлек 10 млн частных венчурных инвестиций при оценке pre-money 350 млн рублей, рассказали RB.RU в компании.",3,1
инвестиции в стартапы 2024,18,Инвестиции в ИИ в 2024 году побили новый рекорд — 885 сделок на $56 млрд | RB.RU,"В ушедшем 2024 году инвестиции в генеративный искусственный интеллект, который включает в себя ряд приложений, инструментов и сервисов на базе ИИ для создания текста, изображений, видео, речи, музыки и многого другого, достигли новых высот. Компании в этой сфере по всему миру привлекли $56 млрд от венчурных инвесторов в рамках 885 сделок.",3,1
инвестиции в стартапы 2024,19,Финансирование тревел-стартапов в 2023 году: тренды и крупнейшие раунды | RB.RU,"На протяжении прошлого года фаундеры и инвесторы заявляли о сокращении объемов инвестиций, но компании в сфере туризма все же привлекли не менее $3,7 млрд. В материале — обзор крупнейших раундов и трендов в финансировании тревел-стартапов по версии Skift.",1,0
инвестиции в стартапы 2024,20,«Попробуйте пробежать марафон»: как стартапу привлекать инвестиции в акционерный капитал в 2022 году | RB.RU,"В 2022 году стартап Must планирует привлечь инвестиции в 100 млн руб. в акционерный капитал. Он разместил свое предложение на Rounds (бывш. «Стартрек»). Сейчас идет четвертый раунд финансирования проекта. 
Антон Редько, основатель платформы, рассказывает, как привлекать инвестиции в финтех-стартап и с чем может столкнуться фаундер в процессе размещения компании на инвестиционной платформе.",1,0
слияние компаний 2024,1,Количество сделок на мировом рынке слияний и поглощений в 2024 году упало на 15% | RB.RU,Количество сделок на мировом рынке M&A (слияний и поглощений) в период с января по август 2024 года (в сравнении с аналогичным периодом 2023 года) упало на 15%. Об этом говорится в исследовании GlobalData.,3,1
слияние компаний 2024,2,ВТБ завершил поглощение банка «Открытие» | RB.RU,"ВТБ завершил перевод отделений банка «Открытие» под свой бренд. Всего в состав кредитной организации вошли 245 отделений в 60 регионах России, говорится в пресс-релизе на сайте ВТБ. «Открытие» с 1 января прекратил свою деятельность, следует из данных ЕГРЮЛ.",3,1
слияние компаний 2024,3,Прибыль объединенной компании Wildberries и Russ превысила 100 млрд рублей в 2024 году | RB.RU,"Объединенная компания Wildberries и Russ — «РВБ» — отчиталась о финансовых итогах 2024 года. Чистая прибыль составила 104 млрд рублей, оборот — 4,1 трлн рублей (включая доходы от услуг рекламы и финансового консультирования, помимо электронной торговли).",3,1
слияние компаний 2024,4,Акционеры одобрили объединение «Росбанка» и «Т-Банка» | RB.RU,"Акционеры «Росбанка» одобрили его присоединение к «Т-Банку». Аналогичное решение приняли акционеры «Т-Банка». Общий капитал объединенной кредитной организации превысит 500 млрд рублей, сообщил председателя правления «Росбанка» Николай Сидоров.",3,1
слияние компаний 2024,5,ВТБ получил одобрение ФАС на слияние с «Почта Банком» | RB.RU,"ВТБ получил одобрение ФАС на слияние с «Почта Банком». Объединение организаций произойдет в 2026 году. Отделения «Почта Банка» продолжат работать, но уже под брендом ВТБ.",2,1
выход на IPO,1,«Автодом» перенес выход на IPO на 2025 год | RB.RU,"Группа компаний «Автодом» перенесла на 2025 год выход на IPO на Московской бирже. Дилер намерен привлечь порядка 30 млрд рублей максимум за 30% капитала, узнали «Ведомости».",3,1
выход на IPO,2,ФРИИ спрогнозировал выход более 400 IT-компаний на IPO в ближайшие 2–3 года | RB.RU,"409 российских IT-компаний могут стать кандидатами на проведение IPO в ближайшие 2–3 года. К такому выводу пришли аналитики Фонда развития интернет-инициатив (ФРИИ), подготовившие исследование «Возможности IPO и PRE-IPO в России», с которым ознакомился RB.RU.",3,1
выход на IPO,3,Мосбиржа и ЦБ будут стимулировать эмитентов выходить на IPO с помощью pre-IPO фондов | RB.RU,"Московская биржа предложила ЦБ РФ стимулировать эмитентов выходить на IPO путем продления нацпроекта «Малое и средней предпринимательство» до 2030 года и расширения его действия на МСП с выручкой до 10 млрд рублей. Помимо этого Мосбиржа предлагает создать «линейку pre-IPO фондов» для обеспечения pre-IPO финансирования потенциальных эмитентов — компаний, «обладающих инвестиционным потенциалом».",3,1
выход на IPO,4,«Окна ликвидности» на фондовом рынке: когда компаниям лучше выходить на IPO | RB.RU,"В контексте ренессанса на рынке IPO аналитики вновь заговорили об «окнах ликвидности» — наиболее благоприятных периодах для выхода на публичный рынок, когда финансовая система имеет наибольший объем свободного капитала. Но есть ли они на самом деле? 
Наблюдениями поделился основатель инвестиционной компании «Юнисервис Капитал» Алексей Антипин.",3,1
выход на IPO,5,Минэк создаст биржу для pre-IPO малых технологических компаний | RB.RU,"Минэкономразвития вместе с экспертным сообществом планирует запустить биржу для pre-IPO малых технологических компаний, сообщает РБК со ссылкой на представителя министерства. Таким образом технологические стартапы смогут быстрее привлечь инвестиции и выйти на публичный рынок, считают в ведомстве.",3,1
выход на IPO,6,Президент РФ разрешил IPO государственной компании «Дом.РФ» | RB.RU,Президент РФ Владимир Путин разрешил провести IPO государственной компании АО «Дом.РФ». Указ президента размещен на портале публикации правовых актов. Государство сохранит 50% плюс 1 акцию компании.,3,1
выход на IPO,7,Мосбиржа запустила сервис диагностики компаний перед IPO | RB.RU,"Московская биржа представила первый в России цифровой сервис для самодиагностики готовности компаний к IPO. Он позволяет бизнесу оценить уровень зрелости перед выходом на публичный рынок и получить рекомендации по дальнейшим шагам. Эксперты называют инициативу полезным ориентиром, но отмечают, что алгоритмы не заменят экспертную оценку и полноценную подготовку к размещению.",3,1
выход на IPO,8,«СПБ Биржа» сосредоточится на IPO попавших под санкции российских компаний | RB.RU,"Попавшая под санкции «СПБ Биржа» сосредоточится на IPO российских компаний, в отношении которых также действуют западные ограничения, рассказал гендиректор торговой площадки Евгений Сердюков.",3,1
выход на IPO,9,«Совкомбанк» объявил об IPO | RB.RU,"«Совкомбанк» проведет первичное размещение акций в период с 1 по 14 декабря. Ценовой диапазон бумаг составит 10,5–11,5 рублей. Об этом RB.RU сообщили в пресс-службе банка.",3,1
выход на IPO,10,Банк России рекомендовал компаниям раскрывать больше информации при IPO | RB.RU,"Банк России рекомендовал компаниям раскрывать больше информации при IPO. Например, о точном распределении акций при размещении и акционерах, которые обязались на время не продавать ценные бумаги после IPO. Выполнение рекомендаций повысит доверие к рынку, считают в ЦБ.",3,1
выход на IPO,11,IT-компании столкнулись с юридическими проблемами при подготовке к IPO | RB.RU,"Увеличение интереса российских IT-компаний к проведению IPO привело к ряду юридических трудностей, связанных с изменением формы собственности и сохранением данных в профильных реестрах Минцифры. Об этом «Коммерсанту» рассказали представители юрфирм и источники на IT-рынке.",3,1
выход на IPO,12,"Капитализация «Совкомбанка» в ходе IPO составит 230,5 млрд рублей | RB.RU","«Совкомбанк» объявил о начале торгов акциями на Московской бирже. В ходе IPO организация разместила 1 млрд акций, а общий размер IPO составил 11,5 млрд рублей. Об этом сообщила пресс-служба «Совкомбанка».",3,1
выход на IPO,13,"«Эволюционируй, если сможешь»: как Pre-IPO спасает технологический бизнес в России | RB.RU","Рынок pre-IPO в России — явление новое, но уже доказавшее свою эффективность в поддержке технологического бизнеса. О том, как зародился этот механизм и как он работает, рассказал директор по маркетингу сервиса аналитики и продвижения «Анабар» Максим Самойленко.",3,1
выход на IPO,14,Стартап «Анабар» экс-сотрудников «Циана» создал холдинговую структуру для выхода на IPO | RB.RU,"Система управления продажами на маркетплейсах «Анабар», которую основали выходцы из «Циана», учредила АО «Анабар» — эта структура нужна компании, чтобы провести процедуру Pre-IPO. В дальнейшем владельцы рассматривают продажу компании стратегическому инвестору или выход на IPO.",3,1
выход на IPO,15,Московская биржа начала рассчитывать индекс IPO | RB.RU,Московская биржа начала рассчитывать и публиковать новый индикатор — «Индекс МосБиржи IPO». Об этом говорится в сообщении торговой площадки.,2,1
выход на IPO,16,Новичок на бирже: может ли частный инвестор заработать на IPO-акциях | RB.RU,"На российском фондовом рынке становится все больше частных инвесторов. Они охотно скупают акции крупных компаний, но часто игнорируют перспективные IPO. Как выбрать новую компанию для инвестиций и на что обратить внимание в момент проведения IPO, рассказала Марианна Мовсесян, генеральный директор инвестиционной компании New Venture Brokerage.",2,1
выход на IPO,17,Книга заявок на IPO строительной компании «АПРИ» переподписана по верхней границе | RB.RU,"Книга заявок девелопера «АПРИ» переподписана по верхней границе ценового диапазона — 9,7 рубля за бумагу. Компания может привлечь в ходе IPO до 1 млрд рублей. Старт торгов на Мосбирже запланирован на 30 июля.",3,1
выход на IPO,18,Биотех-компания «Промомед» объявила о планах провести IPO в июле | RB.RU,"Биотех-компания «Промомед», выпускающая аналог препарата «Оземпик», официально объявила о планах провети IPO на Московской бирже. Ранее СМИ писали, что производитель может привлечь порядка 10 млрд рублей.",3,1
выход на IPO,19,VK сообщила о планах провести IPO дочерней компании VK Tech | RB.RU,"VK изучает возможность провести первичное размещение акций своей дочерней компании VK Tech (АО «ВК Технологии») на Мосбирже. Решение будет принято с учетом рыночной конъюнктуры, говорится в поступившем RB.RU заявлении компании.",3,1
выход на IPO,20,Более 120 технологических компаний отказались от IPO в Шанхае в 2023 году | RB.RU,"От размещения на шанхайской фондовой бирже в 2023 году отказалось рекордное число компаний, пишет газета Financial Times. Это связано с ужесточившимися требованиями регуляторов к получению листинга.",1,0
искусственный интеллект в бизнесе,1,37% компаний малого бизнеса использует искусственный интеллект в рекламе,"Более трети малых бизнесов в России используют ИИ в рекламе, а многие продолжают сталкиваться с нехваткой аналитики данных о клиентах и ограниченными бюджетами.",3,1
искусственный интеллект в бизнесе,2,Как устроена бургерная с искусственным интеллектом,"Рассказываем о ресторане, где компании тестируют кулинарных роботов с ИИ. Здесь уже можно попробовать бургеры и картофель фри.",2,1
искусственный интеллект в бизнесе,3,Как искусственный интеллект применяют в виноделии,"Рассказываем, как искусственный интеллект помогает следить за виноградными полями и придумывать купажи.",2,1
искусственный интеллект в бизнесе,4,LG выпустила собственную модель искусственного интеллекта Exaone Deep | RB.RU,"LG AI Research (входит в южнокорейскую LG Group) выпустила семейство моделей искусственного интеллекта Exaone Deep с «расширенными возможностями рассуждений», следует из сообщения, опубликованного на сайте компании.",1,0
искусственный интеллект в бизнесе,5,Netflix добавил искусственный интеллект к факторам риска для своего бизнеса | RB.RU,"Netflix отметил растущее влияние искусственного интеллекта в Голливуде и добавил генеративный ИИ в список факторов риска в своем ежегодном отчете, подаваемом в Комиссию по ценным бумагам и биржам США (SEC).",2,1
искусственный интеллект в бизнесе,6,За последние два года интерес бизнеса к искусственному интеллекту вырос в 7 раз | RB.RU,"Количество интернет-запросов с формулировкой «искусственный интеллект (ИИ) для бизнеса» увеличилось в 7 раз за последние два года (с 1,2 тыс. в сентябре 2022 года до 8,9 тыс. в конце августа 2024 года). Об этом говорится в исследовании SEO-аналитиков банка «Точка», которое есть в распоряжении RB.RU.",3,1
искусственный интеллект в бизнесе,7,Госорганы начнут делиться информацией с бизнесом для обучения искусственного интеллекта | RB.RU,"Минэкономразвития разработало порядок раскрытия данных госведомств в сети, документ размещен на сайте publication.pravo.gov.ru. Бизнес сможет получить доступ к информации органов власти и обучать с ее помощью модели искусственного интеллекта (ИИ).",3,1
искусственный интеллект в бизнесе,8,6 AI-решений для стартапа: чем искусственный интеллект может быть полезен бизнесу | RB.RU,"В быстро меняющемся мире стартапов время — ценный ресурс. Поскольку предприниматели сосредотачиваются на развитии своего бизнеса, им нужны эффективные и действенные инструменты, которые помогут им автоматизировать задачи, оптимизировать операции и повысить производительность. К счастью, достижения в области технологий искусственного интеллекта открыли целый новый мир возможностей для стартапов.
Юлия Доронина, эксперт по маркетингу и CMO международного IT-стартапа G-71 Inc., рассмотрела шесть полезных AI-решений, способных помочь стартапам в их нелегком пути построения эффективного маркетинга и стратегий роста, при этом значительно сэкономив.",3,1
искусственный интеллект в бизнесе,9,Что такое генеративный искусственный интеллект и как он работает,"Что такое генеративный искусственный интеллект, чем он отличается от традиционного ИИ, какие есть типы генеративного ИИ, а также, какие проблемы могут возникнуть при внедрении — читайте в статье на RB.ru.",2,1
искусственный интеллект в бизнесе,10,Зачем нужен искусственный интеллект в суде | RB.RU,"Не так давно в некоторых федеральных СМИ прошла новость о том, что арбитражные суды стали принимать и рассматривать исковые заявления, составленные при помощи искусственного интеллекта (ИИ). Николай Тюрников, председатель совета директоров «Правокард», вместе с коллегами проанализировал судебную практику и не нашел однозначных подтверждений такому применению.
Можно предположить, что, если такие случаи и бывают, то пока они носят единичный характер. Однако это не значит, что в ближайшем будущем автоматизация не доберется до судебной системы. Поэтому важно задаться вопросом, как ИИ повлияет на арбитражную систему и какие последствия его внедрение будет иметь для всех ее участников.",1,0
искусственный интеллект в бизнесе,11,OpenAI выпустит новую модель искусственного интеллекта в декабре — The Verge | RB.RU,"OpenAI планирует выпустить новую флагманскую модель искусственного интеллекта в декабре, сообщает The Verge со ссылкой на осведомленный источник. По данным издания, модель получила кодовое название Orion, на первом этапе она не будет доступна в ChatGPT.",1,0
искусственный интеллект в бизнесе,12,Власти обяжут бизнес внедрять искусственный интеллект при получении некоторых субсидий | RB.RU,"Получателей 13 мер господдержки в сферах транспорта, здравоохранения, сельского хозяйства и промышленности обяжут внедрять в свои бизнес-процессы искусственный интеллект (ИИ). Об этом сообщает Forbes со ссылкой на соответствующий проект постановления правительства.",3,1
искусственный интеллект в бизнесе,13,В Казахстане создали комитет по искусственному интеллекту | RB.RU,"В Казахстане при местном Минцифры создали комитет, который будет заниматься развитием искусственного интеллекта.",1,0
искусственный интеллект в бизнесе,14,В ChatGPT переписки с искусственным интеллектом зашифруют | RB.RU,"Ещё недавно OpenAI заявляла: чаты с ИИ не имеют конфиденциального статуса и могут быть раскрыты по запросу властей. Теперь компания задумалась о шифровании чатов в ChatGPT. Частично это можно реализовать уже сейчас, но полноценная защита чатов пока остаётся под вопросом.",1,0
искусственный интеллект в бизнесе,15,Пришли на собеседование? С вами будет говорить искусственный интеллект,Нейросеть займется отбором кандидатов при приеме на работу. Цифровизация в HR.,2,1
искусственный интеллект в бизнесе,16,Автономные лаборатории — новый потенциал искусственного интеллекта,Эксперименты в них будет проводить искусственный интеллект.,1,0
искусственный интеллект в бизнесе,17,Как искусственный интеллект способен помочь HR | RB.RU,"Вопрос «Заменит ли машина человека?» обсуждается на протяжении многих лет. Кто-то придерживается мнения, что это невозможно, а кто-то с тревогой пересматривает «Терминатора» и перед выходом из дома выключает умный чайник из розетки. Однако технологии могут успешно работать вместе с людьми — важен симбиоз.",3,1
искусственный интеллект в бизнесе,18,Области применения искусственного интеллекта: от медицины до промышленности,"Узнайте о ключевых областях применения искусственного интеллекта, его роли в различных отраслях и конкретных примерах использования технологий ИИ для решения реальных задач — читайте в статье на RB.ru.",2,1
искусственный интеллект в бизнесе,19,Почему искусственный интеллект должен быть децентрализованным? | RB.RU,"Рассказываем, почему децентрализованный искусственный интеллект — это важнее, чем кажется, а также пытаемся понять, почему на рынке до сих пор лидируют Web2-решения в этой сфере.",1,0
искусственный интеллект в бизнесе,20,Инвесторы сохраняют интерес к искусственному интеллекту | RB.RU,"Стартап Anthropic привлек $100 млн от южнокорейской SK Telecom, дополнив впечатляющую коллекцию чеков, собранных в этом году ИИ-стартапами. Инвесторы не желают остаться в стороне от искусственного интеллекта — главного тренда, меняющего правила игры.",2,1
доставка еды стартапы,1,Фудтех-стартап Yallamarket с основателями из России прекратил работу | RB.RU,"Дубайский сервис экспресс-доставки продуктов Yallamarket, основанный россиянами Леонидом Довбенко и Станиславом Селезневым, прекратил свою деятельность. Об этом сообщил Довбенко, его слова приводит канал Regolith.",3,1
доставка еды стартапы,2,Рекомендации бизнес-ангела по созданию успешного FoodTech-стартапа | RB.RU,"Хорошая новость для стартаперов из сферы FoodTech — люди всегда будут есть. А это значит, что по мере развития технологий им понадобятся новые сервисы и решения. О том, как создать по-настоящему востребованный продукт в мире еды и завоевать с ним российский или мировой рынок, рассказал бывший заместитель генерального директора Delivery Club и бизнес-ангел для FoodTech-стартапов Олег Хаустов.",3,1
доставка еды стартапы,3,Доставка еды приносит 25% выручки ресторанам | RB.RU,"Рынок доставки готовой еды в России окончательно стал частью ресторанного бизнеса: в 2025 году 64% заведений предлагают доставку. Она обеспечивает в среднем четверть всех заказов. Для сетей доставка стала обязательным сервисом с первых дней работы новых точек, а для клиентов — частью повседневного потребления",2,1
доставка еды стартапы,4,ML и AI  — что они могут привнести в фудтех сегодня | RB.RU,"Нет смысла петь оды ML и AI — их польза в целом понятна и доказана. Но если компания только планирует их внедрить — что ей выбрать, чтобы мера стала не просто поводом для хайпа, но и принесла обещанные результаты?
Анна Попова, инновационный менеджер и PhD researcher, рассказала, что происходит на рынке технологий сегодня, и разобрала кейсы фудтех-компаний, которые уже внедрили ML и AI в производство.",2,1
доставка еды стартапы,5,Краснодарский фудтех-стартап Qummy привлек 93 млн рублей | RB.RU,Краснодарский фудтех-стартап Qummy закрыл новый инвестиционный раунд на 93 млн рублей. Об этом RB.RU сообщил основатель компании Евгений Писарев.,3,1
доставка еды стартапы,6,FoodTech на распутье: что делать компаниям в условиях санкций | RB.RU,"В прошлом году сервис доставки еды Buyk от основателей «Самоката» привлек $46 млн для выхода на американский рынок. Компания успешно работала в Нью-Йорке, Чикаго и планировала расширять свое присутствие в стране. Но после февральских событий проект лишился финансирования от основателей компании из-за санкций. Спасти бизнес не удалось: 17 марта Buyk объявили о банкротстве.
С подобными проблемами сейчас сталкиваются многие фудтех-проекты. Привлечение инвестиций, поставки ингредиентов, стоимость сырья и оборудования, работа с западными рынками — в текущей ситуации все это стало очень сложным. Как российскому фудтеху выжить и не потерять все, что строилось последние 10 лет, как менять производство и какие ниши рассматривать, рассказывает Артем Пономарев, сооснователь Greenwise и глава Ассоциации производителей альтернативных пищевых продуктов.",3,1
доставка еды стартапы,7,В Дубае закрылся фудтех-стартап Greeno российской предпринимательницы Александры Дорф | RB.RU,Российская предпринимательница Александра Дорф сообщила о закрытии фудтех-стартапа Greeno в Дубае. Причина — закончились средства на масштабирование. Проект запустили прошлым летом.,3,1
доставка еды стартапы,8,Шесть топ-менеджеров фудтех-стартапа Qummy получили доли в компании | RB.RU,Топ-менеджеры краснодарского фудтех-стартапа Qummy (ООО «Кьюми») получили доли в компании в рамках опционной программы. Об этом RB.RU рассказал основатель Евгений Писарев.,3,1
доставка еды стартапы,9,Америка ищет таланты: что позволит фудтех-проектам удержаться на рынке? | RB.RU,"Успех российских сервисов экспресс-доставки продуктов мотивирует фаундеров перенести этот опыт в США. Рынок привлекает множество новых игроков, но за последние полгода в Америке закрылись сразу несколько сервисов экспресс-доставки. И несмотря на многомиллионные инвестиции, ни одной компании с начала пандемии так и не удалось закрепиться.
Каких ошибок можно избежать и стоит ли вообще сейчас запускать экспресс-доставку продуктов в США? Рассказывает Никита Черкасский, ex-process operations manager Buyk, американского сервиса доставки от основателей «Самоката».",2,1
доставка еды стартапы,10,В России запустили GoldenEgg — foodtech-приложение для ресторанов на основе AI | RB.RU,"В России появилось новое foodtech-приложение GoldenEgg, которое позволяет ресторанам продвигаться и таргетироваться на необходимую целевую аудиторию. Об этом RB.RU рассказали представители сервиса.",3,1
доставка еды стартапы,11,"FoodTech-сервис «Смартофуд» привлек 27,4 млн рублей на платформе brainbox.VC | RB.RU","FoodTech-сервис «Смартофуд» привлек 27,4 млн рублей через размещение акций на краудинвестинговой платформе brainbox.VC. Компания разрабатывает экосистему с IT-инструментами для общепита. Об этом RB.RU сообщили в пресс-службе brainbox.VC.",3,1
доставка еды стартапы,12,Тренды foodtech в кризис: какие изменения стоит учитывать бизнесу? | RB.RU,"Кризис заставил бизнес пересобраться, это коснулось также сервисов в сфере фудтеха. О том, что ждет отрасль в этом году, рассказал Андрей Черепанов, операционный директор Catery — сервиса для заказа еды в офис и на мероприятия.",2,1
доставка еды стартапы,13,"FoodTech-компания «Вендинг Будущего» привлекла 101,5 млн рублей в обмен на 5% в капитале | RB.RU","Франчайзинговая компания в сфере кофейного вендинга АО «Вендинг Будущего» привлекла 101,5 млн рублей в обмен на 5% акций. Размещение прошло на краудинвестинговой платформе brainbox.VC, сообщил Русбейс представитель инвестиционного сервиса.",2,1
доставка еды стартапы,14,"«Фудтех через 100 лет — доставка суперфудов за 5 мин синглам, живущим в микроквартирах с собаками»‎ | RB.RU","Арина Князева, директор по развитию Ozon fresh, в колонке для Russian Business рассказывает о пяти трендах, которые уже стоят на пороге будущего. А заодно отвечает на четыре «вечных» обывательских вопроса про визионерство. Спойлер: мы уже в точке на старте большого цикла, где локальные тренды начинают перекликаться с глобальными, а будущее подкрадывается быстрее, чем кажется.",1,0
доставка еды стартапы,15,"Главный банк КНР для российских импортеров остановил расчеты с РФ, выход Skyworth: главное 7 февраля | RB.RU","Китайский Chouzhou Commercial Bank сообщил клиентам о приостановке операций с Россией, Александра Дорф закрыла фудтех-стартап Greeno в Дубае и другие события 7 февраля.",1,0
доставка еды стартапы,16,«Вкусвилл» запустил платформу для создателей новых продуктов | RB.RU,"Ритейлер «Вкусвилл» запустил платформу для создателей новых продуктов. Ее разработали в рамках работы центра по развитию IT-решений и R&D в сфере FoodTech и HoReCa, сообщили в пресс-службе сети.",2,1
доставка еды стартапы,17,Первый в России выпуск венчурных ЦФА собрал свыше 80 млн рублей | RB.RU,"Венчурный фонд «Восход» завершил сборы на участие в инвестиционном раунде фудтех-компании Qummy и собрал 83,5 млн рублей. Таким образом, завершился первый в стране выпуск венчурных цифровых финансовых активов (ЦФА).",3,1
доставка еды стартапы,18,Открыта регистрация на питчинг стартапов в рамках Deep Food Tech Conference 2024 | RB.RU,4 июня на конференции Deep Food Tech 2024 у стартапов в области FoodTech будет возможность представить свои проекты профессиональному сообществу и найти полезные связи. Для участия в питч-сессии нужно отправить заявку на info@deepfoodtech.ru. Это бесплатно.,3,1
доставка еды стартапы,19,"5 трендов в фудтехе, на которые делают ставку инвесторы | RB.RU","Несмотря на общий спад инвестиций, фудтех продолжает получать финансирование. Это не только экспериментальные продукты вроде шоколада без какао, но и вполне традиционные: кофейни, быстрорастворимая лапша и смеси для детского питания. 
Crunchbase изучил статистику более 500 раундов, связанных с продуктами питания и напитками, и выделил 5 главных трендов.",2,1
доставка еды стартапы,20,Три главные метрики в экспресс-доставке и как они работают | RB.RU,"Эксперт по запуску фудтех-проектов в США, работавший с Buyk, Food Rocket и Qummy, Никита Черкасский рассказывает, на что в первую очередь обратить внимание тем, кто собирается открыть собственный сервис доставки или готовится запустить франшизу в своем регионе. Спикер делится лайфхаками из ведения бизнеса в Москве, которые он применил на дарксторах в Нью-Йорке.",2,1
